{
  "n_records": 1579,
  "fig1": {
    "uncal": [
      75.87080430652311,
      72.46653919694073,
      68.86611146700832
    ],
    "cal": [
      79.9240025332489,
      76.41810070108349,
      73.86290839205637
    ]
  },
  "fig3": [
    [
      "1",
      "2-4",
      "5-15",
      ">=16"
    ],
    [
      41.666666666666664,
      63.829787234042556,
      72.01907790143085,
      71.88019966722129
    ],
    [
      8.26,
      9.705,
      10.15,
      9.145
    ],
    [
      96,
      235,
      629,
      601
    ]
  ],
  "fig4": [
    [
      "2007-09\nGFC",
      "2009-12\nrecovery",
      "2013-15\ngold bear",
      "2015-19\nbull",
      "2020\nCOVID",
      "2021-22\nhikes",
      "2023-26\npost-hike"
    ],
    [
      0.2655260480952381,
      0.2162008726775957,
      0.3559994105194805,
      0.2099018388985507,
      0.1755484128846154,
      0.2993830197572816,
      0.18250666083832334
    ],
    [
      0.23399731476190475,
      0.21299694868852462,
      0.3334254011688312,
      0.2060811911594203,
      0.16656044048076923,
      0.28324171281553395,
      0.17996103368263472
    ],
    [
      105,
      183,
      154,
      345,
      104,
      206,
      334
    ]
  ],
  "fig5": {
    "n": 2100,
    "median": 0.6,
    "mean": 0.5731904761904761
  }
}